{"appliances": "fridge", "accuracy": [0.877475], "precision": [0.8621805677297553], "recall": [0.8173740731270774], "f1_score": [0.8391796554552913], "relative_error": [0.16406869012311384], "absolute_error": [13.63848002043406], "tot_appl_wh": [5349.108398148149], "predicted_percentage": [0.8259244605039296]}