{"appliances": "washing_machine", "accuracy": [0.970825], "precision": [0.7266553480475382], "recall": [0.1645520953479431], "f1_score": [0.2683385579937304], "relative_error": [0.045735792635891684], "absolute_error": [19.987174854421614], "tot_appl_wh": [3233.727777777778], "predicted_percentage": [0.047456800836009366]}