{"appliances": "dishwasher", "accuracy": [0.9805875], "precision": [0.027253668763102725], "recall": [0.011796733212341199], "f1_score": [0.016466117796073466], "relative_error": [0.019645142823211847], "absolute_error": [10.665746669925054], "tot_appl_wh": [1629.0914953703707], "predicted_percentage": [0.018990983419285196]}