{"appliances": "dish_washer", "accuracy": [1.0], "precision": [1.0], "recall": [1.0], "f1_score": [1.0], "relative_error": [0.7913826577989627], "absolute_error": [75.96414273808399], "tot_appl_wh": [1233.3016666666667], "predicted_percentage": [0.5604038482820495]}