{"appliances": "fridge", "accuracy": [0.8424], "precision": [0.7717382672913523], "recall": [0.839828897338403], "f1_score": [0.8043451272501552], "relative_error": [0.48900540196798525], "absolute_error": [27.79378647796313], "tot_appl_wh": [4235.57], "predicted_percentage": [0.9332343355922242]}