{"appliances": "dishwasher", "accuracy": [1.0], "precision": [1.0], "recall": [1.0], "f1_score": [1.0], "relative_error": [0.7846256523624169], "absolute_error": [47.77629846072859], "tot_appl_wh": [2527.1666666666665], "predicted_percentage": [0.10205675039270627]}