{"appliances": "dishwasher", "accuracy": [0.95735], "precision": [0.2967269595176572], "recall": [0.2791734197730956], "f1_score": [0.28768267223382044], "relative_error": [0.049770171292220264], "absolute_error": [38.45408916189274], "tot_appl_wh": [5498.39726851852], "predicted_percentage": [0.10837659323021821]}