{"appliances": "dishwasher", "accuracy": [0.9811666666666666], "precision": [0.5692068429237948], "recall": [0.9851951547779273], "f1_score": [0.7215377033021194], "relative_error": [0.78504128687659], "absolute_error": [9.24396521581014], "tot_appl_wh": [3755.1716666666666], "predicted_percentage": [0.8823426369150963]}