{"appliances": "washing_machine", "accuracy": [1.0], "precision": [1.0], "recall": [1.0], "f1_score": [1.0], "relative_error": [0.0855344978293899], "absolute_error": [12.104082948080698], "tot_appl_wh": [2979.3516666666665], "predicted_percentage": [0.8270017264124665]}