{"appliances": "dishwasher", "accuracy": [0.9625625], "precision": [0.5543953375424964], "recall": [0.6630845193145513], "f1_score": [0.6038883745536305], "relative_error": [0.058785237269020865], "absolute_error": [38.62714169531664], "tot_appl_wh": [6797.893472222223], "predicted_percentage": [0.26642075183703273]}