{"appliances": "washing_machine", "accuracy": [0.9699625], "precision": [0.6438291881745659], "recall": [0.45490716180371354], "f1_score": [0.5331260928696328], "relative_error": [0.04639497132829222], "absolute_error": [34.108136400039996], "tot_appl_wh": [5865.496712962964], "predicted_percentage": [0.12986472252527304]}