{"appliances": "washing_machine", "accuracy": [1.0], "precision": [0.0], "recall": [0.0], "f1_score": [0.0], "relative_error": [0.9970329944404615], "absolute_error": [6.626481176765759], "tot_appl_wh": [306.59833333333336], "predicted_percentage": [1.206050645012995]}