{"appliances": "dishwasher", "accuracy": [0.917875], "precision": [0.35468895078922935], "recall": [0.061051622183154866], "f1_score": [0.10417234796836651], "relative_error": [0.20517360121935926], "absolute_error": [15.552674125138918], "tot_appl_wh": [2388.193564814815], "predicted_percentage": [0.041060971395517766]}