{"appliances": "washing_machine", "accuracy": [0.9901], "precision": [0.8533541341653667], "recall": [0.4393574297188755], "f1_score": [0.5800636267232238], "relative_error": [0.01800029254924682], "absolute_error": [7.816005211257934], "tot_appl_wh": [1585.7012500000003], "predicted_percentage": [0.248437106531687]}