{"appliances": "dishwasher", "accuracy": [0.971825], "precision": [0.48563458856345887], "recall": [0.8093909809390981], "f1_score": [0.6070432357043236], "relative_error": [0.04403481134962478], "absolute_error": [28.825617831893766], "tot_appl_wh": [5939.714212962965], "predicted_percentage": [0.2951885745686719]}