{"appliances": "washing_machine", "accuracy": [0.95825], "precision": [0.5617546848381602], "recall": [0.4719141323792487], "f1_score": [0.5129301963834337], "relative_error": [0.09900718755429275], "absolute_error": [26.7682083085378], "tot_appl_wh": [4337.175], "predicted_percentage": [0.5533414884495421]}