{"appliances": "dishwasher", "accuracy": [0.935775], "precision": [0.6430851063829788], "recall": [0.21300211416490486], "f1_score": [0.32001058761249335], "relative_error": [0.0768496044561479], "absolute_error": [53.30220100375232], "tot_appl_wh": [8192.012620370371], "predicted_percentage": [0.04655306844942054]}